{"cameraMode":{"drawMode":0,"name":"Shaded","section":"Shading Mode"},"sceneLighting":false,"audioPlay":false,"sceneViewState":{"m_AlwaysRefresh":false,"showFog":true,"showSkybox":true,"showFlares":true,"showImageEffects":true,"showParticleSystems":true,"showVisualEffectGraphs":true,"m_FxEnabled":true},"in2DMode":false,"pivot":{"x":480.8181457519531,"y":351.06427001953127,"z":43.176090240478519},"rotation":{"x":0.16126780211925507,"y":-0.018960807472467424,"z":0.0031150297727435829,"w":0.9867678880691528},"size":561.55419921875,"orthographic":false}