{"cameraMode":{"drawMode":0,"name":"Shaded","section":"Shading Mode"},"sceneLighting":false,"audioPlay":false,"sceneViewState":{"m_AlwaysRefresh":false,"showFog":true,"showSkybox":true,"showFlares":true,"showImageEffects":true,"showParticleSystems":true,"showVisualEffectGraphs":true,"m_FxEnabled":true},"in2DMode":false,"pivot":{"x":599.4856567382813,"y":241.14620971679688,"z":-29.581464767456056},"rotation":{"x":0.2208949476480484,"y":0.08064191788434982,"z":-0.018305987119674684,"w":0.9718308448791504},"size":490.33905029296877,"orthographic":false}