{"cameraMode":{"drawMode":0,"name":"Shaded","section":"Shading Mode"},"sceneLighting":false,"audioPlay":false,"sceneViewState":{"m_AlwaysRefresh":false,"showFog":true,"showSkybox":true,"showFlares":true,"showImageEffects":true,"showParticleSystems":true,"showVisualEffectGraphs":true,"m_FxEnabled":true},"in2DMode":false,"pivot":{"x":-0.0000018328428268432618,"y":1.5517841577529908,"z":148.25003051757813},"rotation":{"x":0.020162254571914674,"y":-0.6645796895027161,"z":0.017952263355255128,"w":0.7467895746231079},"size":70.49305725097656,"orthographic":false}